uuid	runtime_version	tree_sha256
Bluetooth-Battery-Meter@maniacx.github.com	49	1ae6b077d6e46bb736bf91f137d4801b0647930665314330925032ffd59eb4c5
Vitals@CoreCoding.com	85	c9d78655f16cca5d1d227374f17fd9174cb15a15d646509d9cb1d32b9e66c9f0
add-to-desktop@tommimon.github.com	16	e173a69bbb8486fd069391dd6cac48a83f7394d85c337d047d7f9c4ae2d50be5
advanced-media-controller@sanjai.com	31	02adfe2b420d54f3786b110e0b100c124008a5a2e607030dc11ae82a73899a47
arcmenu@arcmenu.com	74	13868211737f9409cf2ff8dda9a317381b1d00483a6e379733028db18504572a
blur-my-shell@aunetx	72	dfb08debbc2a5e2d6f0b9f57b979a9e2c654f3ac2d831d500eb790b79b2cd8b7
browser-switcher@totoshko88.github.io	17	0bd1e7fa440fa894fe6bba29459f0b36f13ab68e0d6aa8f0591a717562bdeb75
caffeine@patapon.info	60	600d487c2958c97555bfa476baf3ac6d0229ae446d17628b5f89e1d526e5b6c8
clipboard-indicator@tudmotu.com	71	d5f8f7d46b4f372eac26c5f004f0a550fc9309969b3934bf111bce2937fb3ad4
ddterm@amezin.github.com	73	dbd72752dcc7687ab7a14a36ff1780f65e0b75e71245b8fa473e833b229c0d26
dhruva@narkagni	17	287d893099779054e8ddc11a12e0ff37a334805b50ee1e126679d49ee2392772
display-brightness-ddcutil@themightydeity.github.com	59	10c8c1cd6e714e2acd85fe99a13015d4a5c9a11ae8cb5006e90c1e7e04be2297
drive-menu@gnome-shell-extensions.gcampax.github.com	82	1970282fedcc778b5419852e7be03610892889ba801c4a145a1dec649e149d51
gsconnect@andyholmes.github.io	73	46900de3fdb9e4f12b1b8cf793e4ce68d4ee1156889e67501eea8a8c293b6921
just-another-search-bar@xelad0m	18	991f12179a450131295ade9ac98f23cf8b6342ff0792cb7bc5388ec72277b218
just-perfection-desktop@just-perfection	37	3b6509cbebf36e0096309a70fefb58d945827128c33e34ed01513bdcbfb9d930
monitorSmartSaver@pic16f877ccs.github.com	3	d84d5aad41aeba41bea94538ceb7793eec570ec49ec58388b81a376d880d34af
space-bar@luchrioh	39	ba729b84b2302c0a6a89368817e892d266e5a3dbd8e10be00602c064bdc71473
spotlight@nin	15	a7a5d9c988e1484a8d09d57649e59c49730ca098797e4dce7f201a924e30c572
tilingshell@ferrarodomenico.com	76	0ca479f1ca69e4092f39eec2ef27af9ece6b666a5512121c87c9ba8df1cadd3d
user-theme@gnome-shell-extensions.gcampax.github.com	79	fe416a5c49f9ecdb00a2758a4f552feba34d69a61a55eb9b545d8f7ffe627414
